<?xml version="1.0" encoding="utf-8"?>
<install version="1.5" type="plugin" group="sh404sefextplugins"	method="upgrade">
	<name>BreezingForms sh404sef plugin</name>
	<author>Markus Bopp - Crosstec GmbH &amp; Co. KG</author>
        <creationDate>2012-02-06</creationDate>
	<copyright>2012 Crosstec GmbH &amp; Co. KG</copyright>
	<license>http://www.gnu.org/copyleft/gpl.html GNU/GPL</license>
	<authorEmail>markus.bopp@crosstec.de</authorEmail>
	<authorUrl>http://crosstec.de</authorUrl>
	<version>1.0</version>
	<description>Provides default support for sef urls and meta data</description>
	<files>
		<filename plugin="com_breezingforms">com_breezingforms.php</filename>
                <filename plugin="index.html">index.html</filename>
		<folder plugin="com_breezingforms">breezingforms</folder>
	</files>
</install>
